Key,Language-En,Language-De,Language-Fr,Language-EsLA,Language-Es,Language-PtBR,Language-Pt,Language-It,Language-Uk,Language-Pl,Language-Cz,Language-Tr,Language-Nl,Language-Dk,Language-No,Language-Se,Language-Fi,Language-Ro,Language-Hu,Language-Bg,Language-Vn,Language-In,Language-Ph,Language-Th,Language-Ko,Language-Ja,Language-Zhtw,Language-Zhcn,Comment
LanPage_SETTINGS,НАСТРОЙКИ,EINSTELLUNGEN,PARAMÈTRES,CONFIGURACIÓN,CONFIGURACIÓN,CONFIGURAÇÕES,CONFIGURAÇÕES,IMPOSTAZIONI,НАЛАШТУВАННЯ,USTAWIENIA,NASTAVENÍ,AYARLAR,INSTELLINGEN,INDSTILLINGER,INNSTILLINGER,INSTÄLLNINGAR,ASETUKSET,SETĂRI,BEÁLLÍTÁSOK,НАСТРОЙКИ,Cài đặt,Pengaturan,Mga Setting,การตั้งค่า,설정,設定,設置,设置,pls use these short names for missign  Chinese (Simplified): ZH-CN Chinese (Traditional): ZH-TW Greek: El Arabic: Ar
LanPage_LangItself,РУССКИЙ,DEUTSCH,FRANÇAIS,ESPAÑOL (LA),ESPAÑOL (ES),PORTUGUÊS (BR),PORTUGUÊS (PT),ITALIANO,УКРАЇНСЬКА,POLSKI,ČESKÝ,TÜRKÇE,NEDERLANDS,DANSK,NORSK,SVENSKA,SUOMI,ROMÂNĂ,MAGYAR,БЪЛГАРСКИ,Tiếng Việt,Bahasa Indonesia,Filipino,ไทย,한국어,日本語,簡體中文,简体中文,
LanPage_Continue,ПРОДОЛЖИТЬ,FORTSETZEN,CONTINUER,CONTINUAR,CONTINUAR,CONTINUAR,CONTINUAR,CONTINUA,ПРОДОВЖИТИ,KONTYNUUJ,POKRAČOVAT,DEVAM ET,DOORGAAN,FORTSÆT,FORTSETT,FORTSÄTT,JATKA,CONTINUĂ,FOLYTATÁS,ПРОДЪЛЖИ,Tiếp tục,Lanjutkan,Magpatuloy,ดำเนินการต่อ,계속하기,続きから,繼續,继续,
LanPage_SelectLanguage,ВЫБРАТЬ ЯЗЫК,SPRACHE WÄHLEN,CHOISIR LA LANGUE,SELECCIONAR IDIOMA,SELECCIONAR IDIOMA,SELECIONAR IDIOMA,SELECIONAR IDIOMA,SELEZIONA LA LINGUA,ОБРАТИ МОВУ,WYBIERZ JĘZYK,VYBRAT JAZYK,DİL SEÇ,SELECTEER TAAL,VÆLG SPROG,VELG SPRÅK,VÄLJ SPRÅK,VALITSE KIELI,SELECTEAZĂ LIMBA,NYELV KIVÁLASZTÁSA,ИЗБЕРИ ЕЗИК,Chọn ngôn ngữ,Pilih Bahasa,Piliin ang Wika,เลือกภาษา,언어 선택,言語設定,選擇語言,选择语言,
Menu_Play,ИГРАТЬ,SPIELEN,JOUER,JUGAR,JUGAR,JOGAR,JOGAR,GIOCA,ГРАТИ,GRAJ,HRÁT,OYNA,SPELEN,SPIL,SPILL,SPELA,PELAA,JOACĂ,JÁTÉK,ИГРАЙ,Chơi,Mainkan,Maglaro,เล่น,플레이,ゲームスタート,開始遊戲,开始游戏,
Menu_Settings,НАСТРОЙКИ,EINSTELLUNGEN,PARAMÈTRES,AJUSTES,AJUSTES,CONFIGURAÇÕES,CONFIGURAÇÕES,IMPOSTAZIONI,НАЛАШТУВАННЯ,USTAWIENIA,NASTAVENÍ,AYARLAR,INSTELLINGEN,INDSTILLINGER,INNSTILLINGER,INSTÄLLNINGAR,ASETUKSET,SETĂRI,BEÁLLÍTÁSOK,НАСТРОЙКИ,Cài đặt,Pengaturan,Mga Setting,การตั้งค่า,설정,設定,設置,设置,
Menu_ContactUs,СВЯЗАТЬСЯ С НАМИ,KONTAKT,CONTACTEZ-NOUS,CONTÁCTANOS,CONTÁCTANOS,CONTATE-NOS,CONTACTE-NOS,CONTATTACI,ЗВʼЯЗАТИСЯ З НАМИ,SKONTAKTUJ SIĘ Z NAMI,KONTAKTUJTE NÁS,BİZE ULAŞIN,CONTACTEER ONS,KONTAKT OS,KONTAKT OSS,KONTAKTA OSS,OTA YHTEYTTÄ,CONTACTEAZĂ-NE,KAPCSOLATFELVÉTEL,СВЪРЖИ СЕ С НАС,Liên hệ với chúng tôi,Hubungi Kami,Makipag-ugnayan sa Amin,ติดต่อเรา,문의하기,お問い合わせ,聯絡我們,联系我们,
MenuSoc_Feedback,TWITTER,TWITTER,TWITTER,TWITTER,TWITTER,TWITTER,TWITTER,TWITTER,ТВІТТЕР,TWITTER,TWITTER,TWITTER,TWITTER,TWITTER,TWITTER,TWITTER,TWITTER,TWITTER,TWITTER,TWITTER,Twitter,Twitter,Twitter,ทวิตเตอร์,트위터,X（元Twitter）,Twitter,Twitter,
MenuSoc_Instagram,INSTAGRAM,INSTAGRAM,INSTAGRAM,INSTAGRAM,INSTAGRAM,INSTAGRAM,INSTAGRAM,INSTAGRAM,ІНСТАГРАМ,INSTAGRAM,INSTAGRAM,INSTAGRAM,INSTAGRAM,INSTAGRAM,INSTAGRAM,INSTAGRAM,INSTAGRAM,INSTAGRAM,INSTAGRAM,INSTAGRAM,Instagram,Instagram,Instagram,อินสตาแกรม,인스타그램,Instagram,Instagram,Instagram,
MenuSoc_Discord,DISCORD,DISCORD,DISCORD,DISCORD,DISCORD,DISCORD,DISCORD,DISCORD,ДИСКОРД,DISCORD,DISCORD,DISCORD,DISCORD,DISCORD,DISCORD,DISCORD,DISCORD,DISCORD,DISCORD,DISCORD,Discord,Discord,Discord,ดิสคอร์ด,디스코드,Discord,Discord,QQ群,
Menu_Exit,ВЫЙТИ {v1.1},BEENDEN,QUITTER,SALIR,SALIR,SAIR,SAIR,ESCI,ВИЙТИ,WYJDŹ,UKONČIT,ÇIKIŞ,AFSLUITEN,AFSLUT,AVSLUTT,AVSLUTA,POISTU,IEȘIRE,KILÉPÉS,ИЗХОД,Thoát game,Keluar,Lumabas,ออกจากเกม,게임 종료,終了する,退出遊戲,退出游戏,
Menu_Wishlist,добавить в желаемое,zur wunschliste,ajouter à la liste de souhaits,agregar a tu lista de deseados,agregar a tu lista de deseados,adicione à sua lista de desejos,adicione à sua lista de favoritos,AGGIUNGI ALLA WISHLIST,додати у вішліст,dodaj do listy życzeń,PŘIDAT NA SEZNAM PŘÁNÍ,istek listesine ekle,ZET OP WISHLIST,TILFØJ TIL ØNSKELISTE,SETT PÅ ØNSKELISTEN,ÖNSKELISTA NU,LISÄÄ TOIVELISTALLE,ADAUGĂ LA LISTA DE DORINȚE,KÍVÁNSÁGLISTÁRA,ДОБАВИ В СПИСЪКА С ЖЕЛАНИЯ,Thêm vào danh sách mong muốn,Tambahkan ke Wishlist,Ilista sa Wishlist,เพิ่มในสิ่งที่อยากได้,찜 목록에 추가하기,ウィッシュリストに追加,立即加入願望單,立即加入愿望单,
Menu_Resume,ПРОДОЛЖИТЬ,WEITERSPIELEN,REPRENDRE,REANUDAR,REANUDAR,RETOMAR,RETOMAR,RIPRENDI,ПРОДОВЖИТИ,WZNÓW,POKRAČOVAT,DEVAM,HERVATTEN,GENOPTAG,GJENOPPTA,ÅTERUPPTA,JATKA PELIÄ,REIA,FOLYTATÁS,ВЪЗОБНОВИ,Tiếp tục chơi,Lanjutkan permainan,Ipagpatuloy ang Laro,เล่นต่อ,계속하기,つづきから,繼續,继续,
Menu_ExitToMainMenu,ВЫЙТИ В ГЛАВНОЕ МЕНЮ,ZUM HAUPTMENÜ,RETOUR AU MENU PRINCIPAL,SALIR AL MENÚ PRINCIPAL,SALIR AL MENÚ PRINCIPAL,SAIR PARA O MENU PRINCIPAL,SAIR PARA O MENU PRINCIPAL,TORNA AL MENU PRINCIPALE,ВИЙТИ В ГОЛОВНЕ МЕНЮ,WYJDŹ DO MENU GŁÓWNEGO,UKONČIT DO HLAVNÍHO MENU,ANA MENÜYE DÖN,AFSLUITEN NAAR HOOFDMENU,AFSLUT TIL HOVEDMENU,AVSLUTT TIL HOVEDMENY,TILLBAKA TILL HUVUDMENY,POISTU PÄÄVALIKKOON,IEȘIRE LA MENIUL PRINCIPAL,KILÉPÉS A FŐMENÜBE,ИЗХОД КЪМ ГЛАВНОТО МЕНЮ,Thoát về menu chính,Keluar ke Menu Utama,Lumabas sa Pangunahing Menu,ออกไปยังเมนูหลัก,메인 메뉴,メインメニューへ,返回主選單,返回主菜单,
Menu_Pause,ПАУЗА,PAUSE,PAUSE,PAUSA,PAUSA,PAUSA,PAUSA,PAUSA,ПАУЗА,PAUZA,PAUZA,DURAKLAT,PAUZE,PAUSE,PAUSE,PAUS,TAUKO,PAUZĂ,SZÜNET,ПАУЗА,Tạm dừng,Jeda,Pahinto,หยุดชั่วคราว,일시 정지,一時停止,暫停,暂停,
Menu_Credits,АВТОРЫ,MITWIRKENDE,CRÉDITS,CRÉDITOS,CRÉDITOS,CRÉDITOS,CRÉDITOS,CREDITI,АВТОРИ,TWÓRCY,TITULKY,EMEĞİ GEÇENLER,CREDITS,MEDVIRKENDE,MEDVIRKENDE,MEDVERKANDE,TEKIJÄT,CREDITE,KÖZREMŰKÖDŐK,НАДПИСИ,Danh Sách Thực Hiện,Kredit,Credits,เครดิต,크레딧,クレジット,製作人員,制作人员,
SelectController,ВЫБЕРИТЕ УПРАВЛЕНИЕ,CONTROLLER WÄHLEN,CHOISIR MANETTE,SELECCIONAR CONTROL,SELECCIONAR CONTROL,SELECIONAR CONTROLE,SELECIONAR CONTROLE,SELEZIONA IL CONTROLLER,ОБРАТИ КЕРУВАННЯ,WYBIERZ KONTROLER,VYBRAT OVLADAČ,KUMANDA SEÇ,SELECTEER CONTROLLER,VÆLG CONTROLLER,VELG KONTROLLER,VÄLJ KONTROLL,VALITSE OHJAIN,SELECTEAZĂ CONTROLER,KONTROLLER KIVÁLASZTÁSA,ИЗБЕРИ КОНТРОЛЕР,Chọn tay cầm,Pilih Kontroler,Piliin ang Controller,เลือกคอนโทรลเลอร์,조작 방식 선택,コントローラーの選択,選擇控制器,选择控制器,
SelectController_Recommended,рекомендуемый режим,empfohlene erfahrung,expérience recommandée,experiencia recomendada,experiencia recomendada,experiência recomendada,experiência recomendada,esperienza consigliata,рекомендований досвід,zalecane doświadczenie,doporučený zážitek,önerilen deneyim,aanbevolen ervaring,aanbefalet oplevelse,anbefalt opplevelse,rekommenderad spelupplevelse,suositeltu kokemus,experiență recomandată,ajánlott élmény,препоръчително изживяване,trải nghiệm được đề xuất,pengalaman yang disarankan,inirerekomendang karanasan,แนะนำ,추천 조작 방식,コントローラー推奨,最佳體驗,最佳体验,
SelectController_PointNClick,классический point-and-click,klassisches point-and-click,point-and-click classique,aventura gráfica clásica,point-and-click clásico,point-and-click clássico,point-and-click clássico,classico punta e clicca,класичний point-and-click,klasyczne wskaż i kliknij,klasické point-and-click,klasik point-and-click,klassiek point-and-click,klassisk point-and-click,klassisk pek-og-klikk,klassiskt pek-och-klicka,klassinen point-and-click,clasic point-and-click,klasszikus point-and-click,класическо point-and-click,trỏ và nhấp cổ điển,point-and-click klasik,klasikong point-and-click,ชี้และคลิก,클래식 포인트 앤 클릭,クリック＆ポイント モード,點擊解密模式,点击解密模式,
Setngs_Language,Язык,Sprache,Langue,Idioma,Idioma,Idioma,Idioma,Lingua,Мова,Język,Jazyk,Dil,Taal,Sprog,Språk,Språk,Kieli,Limbă,Nyelv,Език,Ngôn ngữ,Bahasa,Wika,ภาษา,언어,言語,語言,语言,
Setngs_Resolution,Разрешение,Auflösung,Résolution,Resolución,Resolución,Resolução,Resolução,Risoluzione,Роздільна здатність,Rozdzielczość,Rozlišení,Çözünürlük,Resolutie,Opløsning,Oppløsning,Upplösning,Resoluutio,Rezoluție,Felbontás,Резолюция,Độ phân giải,Resolusi,Resolusyon,ความละเอียด,해상도,解像度,解析度,分辨率,
Setngs_Back,НАЗАД,Zurück,Retour,Volver,Volver,Voltar,Voltar,Indietro,НАЗАД,WSTECZ,Zpět,Geri,Terug,Tilbage,Tilbake,Tillbaka,Takaisin,ÎNAPOI,VISSZA,НАЗАД,Quay lại,Kembali,Bumalik,ย้อนกลับ,뒤로,戻る,返回,返回,
Setngs_Controls,УПРАВЛЕНИЕ,Steuerung,Commandes,Controles,Controles,Controles,Controles,Comandi,УПРАВЛІННЯ,STEROWANIE,Ovládání,Kontroller,Besturing,Kontroller,Kontroller,Kontroller,Ohjaimet,Controale,Irányítás,Управление,Điều khiển,Kontrol,Mga Kontrol,การควบคุม,조작,操作方法,操作方式,操作方式,
Setngs_MusicVolume,Громкость музыки,Musiklautstärke,Volume de la musique,Volumen de la música,Volumen de la música,Volume da música,Volume da música,Volume musica,Гучність Музики,Głośność muzyki,Hlasitost hudby,Müzik Sesi,Muziekvolume,Musikvolumen,Musikkvolum,Musikvolym,Musiikin äänenvoimakkuus,Volum Muzică,Zene hangereje,Сила на музиката,Âm lượng nhạc,Volume Musik,Lakás ng Musika,ระดับเสียงเพลง,음악 볼륨,BGM音量,音樂音量,音乐音量,
Setngs_SFXVolume,Громкость звуков,Soundeffektlautstärke,Volume des effets sonores,Volumen de efectos,Volumen de efectos,Volume dos efeitos,Volume dos efeitos,Volume effetti sonori,Гучність Ефектів,Głośność efektów,Hlasitost efektů,Efekt Sesi,SFX-volume,Lydeffekter-volumen,Lydeffektvolum,Ljudeffektvolym,Äänitehosteiden äänenvoimakkuus,Volum Efecte,Hangeffektek hangereje,Сила на ефектите,Âm lượng hiệu ứng,Volume Efek Suara,Lakás ng Tunog,ระดับเสียงเอฟเฟกต์,효과음 볼륨,SFX音量,音效音量,音效音量,
Play_NewGame,НОВАЯ ИГРА,Neues Spiel,Nouvelle partie,Nuevo juego,Nuevo juego,Novo jogo,Novo jogo,Nuova partita,НОВА ГРА,NOWA GRA,Nová hra,Yeni Oyun,Nieuw Spel,Nyt spil,Nytt spill,Nytt spel,Uusi peli,JOC NOU,ÚJ JÁTÉK,НОВА ИГРА,Trò chơi mới,Permainan Baru,Bagong Laro,เริ่มเกมใหม่,새 게임,はじめから,新遊戲,新游戏,
Play_LoadGame,Загрузить игру,Spiel laden,Charger la partie,Cargar partida,Cargar partida,Carregar jogo,Carregar jogo,Carica partita,Завантажити гру,Wczytaj grę,Načíst hru,Oyunu Yükle,Spel Laden,Indlæs spil,Last inn spill,Ladda spel,Lataa peli,ÎNCARCĂ JOC,BETÖLTÉS,ЗАРЕДИ ИГРА,Tải trò chơi,Muat Permainan,I-load ang Laro,โหลดเกม,불러오기,ロード,載入遊戲,载入游戏,
Play_Chapters,ГЛАВЫ,Kapitel,Chapitres,Capítulos,Capítulos,Capítulos,Capítulos,Capitoli,РОЗДІЛИ,ROZDZIAŁY,Kapitoly,Bölümler,Hoofdstukken,Kapitler,Kapitler,Kapitel,Jaksot,CAPITOLE,FEJEZETEK,ГЛАВИ,Chương,Bab,Mga Kabanata,บท,챕터,チャプター,章節,章节,
Warn_Yes,Да,Ja,Oui,Sí,Sí,Sim,Sim,Sì,Так,Tak,Ano,Evet,Ja,Ja,Ja,Ja,Kyllä,Da,Igen,Да,Có,Ya,Oo,ใช่,예,はい,是,是,
Warn_No,Нет,Nein,Non,No,No,Não,Não,No,Ні,Nie,Ne,Hayır,Nee,Nej,Nei,Nej,Ei,Nu,Nem,Не,Không,Tidak,Hindi,ไม่ใช่,아니요,いいえ,否,否,
Warn_Progress,Ваш прогресс будет потерян. Вы уверены?,Dein Fortschritt geht verloren. Bist du sicher?,Votre progression sera perdue. Êtes-vous sûr·e ?,Tu progreso se perderá. ¿Estás seguro?,Tu progreso se perderá. ¿Estás seguro?,Seu progresso será perdido. Tem certeza?,O teu progresso será perdido. Tens a certeza?,I tuoi progressi andranno persi. Vuoi continuare?,Ваш прогрес буде втрачено. Ви впевнені?,Twój postęp zostanie utracony. Na pewno?,"Váš postup bude ztracen.
Opravdu chcete pokračovat?",İlerlemeniz kaybolacak. Emin misiniz?,"Je voortgang gaat verloren.
Weet je het zeker?","Din fremgang vil gå tabt.
Er du sikker?","Fremgangen din vil gå tapt.
Er du sikker?",Dina framsteg kommer att gå förlorade. Är du säker?,"Edistymisesi menetetään.
Oletko varma?","Progresul tău va fi pierdut.
Ești sigur?","A mentésed elvész.
Biztos vagy benne?","Напредъкът ще бъде загубен.
Сигурен ли си?","Tiến trình của bạn sẽ bị mất.
Bạn có chắc không?","Kemajuanmu akan hilang.
Apakah kamu yakin?","Mawawala ang iyong progreso.
Sigurado ka ba?",ความคืบหน้าของคุณจะหายไปคุณแน่ใจหรือไม่?,"진행 상황이 삭제됩니다.
계속 진행하시겠습니까?","進行状況は失われます。
本当によろしいですか？","進度將會遺失。
確定嗎？","进度将会丢失。
确定吗？",
Char_TeaTukoni,Чайный Тукони,Tee-Tukoni,Tukoni du Thé,Tukoni de Té,Tukoni de Té,Tukoni do Chá,Tukoni do Chá,Tukoni del Tè,Чайний Туконі,Herbaciany Tukoni,Čaj Tukoni,Çay Tukoni,Thee Tukoni,Tukoni-te,Tukoni-te,Tukoni-te,Tukoni-tee,Tukoni Ceai,Tea Tukoni,Чай Тукони,Trà Tukoni,Teh Tukoni,Tsaa ng Tukoni,ชาทูโคนี,차 투코니,おちゃ・トゥコニ,茶圖科尼,茶图科尼,
Tea_Calendula,Календула,Ringelblume,Calendula,Caléndula,Caléndula,Calêndula,Calêndula,Calendula,Календула,Nagietek,Měsíček,Aynısefa,Goudsbloem,Morgenfrue,Ringblomst,Ringblomma,Kehäkukka,Gălbenele,Körömvirág,Невен,Cúc vạn thọ,Calendula,Calendula,ดาวเรือง,금잔화,キンセンカ,金盞花,金盏花,
Tea_Linden,Липа,Linde,Tilleul,Tilo,Tilo,Tília,Tília,Tiglio,Липа,Lipa,Lípa,Ihlamur,Linde,Lind,Lind,Lind,Lehmus,Tei,Hársfa,Липа,Cây đoan,Daun linden,Linden,ต้นเหลืองอินเดีย,보리수꽃,リンデンフラワー,椴樹花,椴树花,
Tea_Chamomile,Ромашка,Kamille,Camomille,Manzanilla,Manzanilla,Camomila,Camomila,Camomilla,Ромашка,Rumianek,Heřmánek,Papatya,Kamille,Kamille,Kamille,Kamomill,Kamomilla,Mușețel,Kamilla,Лайка,Cúc La Mã,Chamomile,Manzanilla,คาโมมายล์,캐모마일,カモミール,洋甘菊,洋甘菊,
Tea_Blueberry,Черника,Heidelbeere,Myrtille,Arándano,Arándano,Mirtilo,Mirtilo,Mirtillo,Чорниця,Borówka,Borůvka,Yaban mersini,Bosbes,Blåbær,Blåbær,Blåbär,Mustikka,Afine,Áfonya,Боровинка,Việt quất,Blueberry,Blueberry,บลูเบอร์รี,블루베리,ブルーベリー,藍莓,蓝莓,
Tea_Rosehip,Шиповник,Hagebutte,Églantier,Rosa mosqueta,Escaramujo,Rosa mosqueta,Rosa mosqueta,Cinorrodo,Шипшина,Dzika róża,Šípek,Kuşburnu,Rozenbottel,Hyben,Nype,Nypon,Ruusunmarja,Măceșe,Csipkebogyó,Шипка,Hồng hoa,Rosehip,Rosehip,โรสฮิป,로즈힙,ローズヒップ,玫瑰果,玫瑰果,
Tea_Mint,Мята,Minze,Menthe,Menta,Menta,Hortelã,Hortelã,Menta,М'ята,Mięta,Máta,Nane,Munt,Mynte,Mynte,Mynta,Minttu,Mentă,Menta,Мента,Bạc hà,Mint,Yerba buena,สะระแหน่,민트,ミント,薄荷,薄荷,
Tea_LemonBalm,Мелисса,Zitronenmelisse,Mélisse,Melisa,Melisa,Erva-cidreira,Erva-cidreira,Melissa,Меліса,Melisa,Meduňka,Melisa,Citroenmelisse,Citronmelisse,Sitronmelisse,Citronmeliss,Sitruunamelissa,Roiniță,Citromfű,Маточина,Tía tô chanh,Lemon balm,Lemon balm,เลมอนบาล์ม,레몬밤,レモンバーム,香蜂草,香蜂草,
Tea_Thyme,Чабрец,Thymian,Thym,Tomillo,Tomillo,Tomilho,Tomilho,Timo,Чебрець,Tymianek,Tymián,Kekik,Tijm,Timian,Timian,Timjan,Timjami,Cimbru,Kakukkfű,Мащерка,Húng tây,Thyme,Tomillo,ไธม์,백리향,タイム,百里香,百里香,
Tea_LicoriceRoot,Корень солодки,Süßholzwurzel,Racine de réglisse,Raíz de regaliz,Raíz de regaliz,Raiz de alcaçuz,Raiz de alcaçuz,Radice di liquirizia,Корінь солодки,Korzeń lukrecji,Kořen lékořice,Meyan kökü,Zoethoutwortel,Lakridsrod,Lakrisrot,Lakritsrot,Lakritsijuuri,Rădăcină de lemn-dulce,Édesgyökér,Женско биле (корен),Rễ cam thảo,Akar licorice,Ugat ng Licorice,รากชะเอม,감초 뿌리,カンゾウ根,甘草根,甘草根,
Tea_DriedApples,Сушёные яблоки,Getrocknete Äpfel,Pommes séchées,Manzanas secas,Manzanas secas,Maçãs secas,Maçãs secas,Mele essiccate,Сушені яблука,Suszone jabłka,Sušená jablka,Kurutulmuş elmalar,Gedroogde appels,Tørrede æbler,Tørkede epler,Torkade äpplen,Kuivatut omenat,Mere uscate,Aszalt alma,Сушени ябълки,Táo sấy,Apel kering,Pinatuyong Mansanas,แอปเปิ้ลอบแห้ง,말린 사과,ドライアップル,干蘋果片,干苹果片,
Tea_PineNeedles,Сосновые иголки,Kiefernnadeln,Aiguilles de pin,Agujas de pino,Agujas de pino,Agulhas de pinheiro,Agulhas de pinheiro,Aghi di pino,Соснові голки,Igły sosnowe,Jehličí,Çam iğneleri,Dennenaalden,Gran nåle,Grannåler,Tallbarr,Männynneulaset,Ace de pin,Fenyőtű,Борови иглички,Lá thông,Jarum pinus,Dahon ng Pino,ใบสน,솔잎,松葉,松針,松针,
Tea_SeaBuckthorn,Облепиха,Sanddorn,Argousier,Espino amarillo,Espino cerval de mar,Espinheiro-marítimo,Espinheiro-marítimo,Olivello spinoso,Обліпиха,Rokitnik,Rakytník,Yalancı iğde,Duindoorn,Havtorn,Tindved,Havtorn,Tyrni,Cătină,Homoktövis,Облепиха,Hắc mai biển,Sea buckthorn,Sea buckthorn,ซีบัคธอร์น,비타민나무 열매,サジー,沙棘,沙棘,
Controls_XBOX,Контроллер Xbox,Xbox-Controller,Manette Xbox,Control de Xbox,Control de Xbox,Controle Xbox,Controle Xbox,Controller Xbox,Xbox Контролер,Kontroler do Xbox-a,Ovladač Xbox,Xbox Kumandası,Xbox-controller,Xbox-controller,Xbox-kontroller,Xbox-kontroll,Xbox-ohjain,Controler Xbox,Xbox Kontroller,Контролер Xbox,Tay cầm Xbox,Kontroler Xbox,Xbox Controller,คอนโทรลเลอร์ Xbox,Xbox 컨트롤러,Xbox コントローラー,Xbox 控制器,Xbox 控制器,
Controls_PlayStation,Контроллер PS,PS-Controller,Manette PS,Control de PS,Control de PS,Controle PS,Controle PS,Controller PS,PS Контролер,Kontroler do PS-a,Ovladač PlayStation,PS Kumandası,PS-controller,PS-controller,PS-kontroller,PS-kontroll,PS-ohjain,Controler PS,PS Kontroller,Контролер PS,Tay cầm PS,Kontroler PS,PS Controller,คอนโทรลเลอร์ PS,PS 컨트롤러,PS コントローラー,PS 控制器,PS 控制器,
Controls_KeyboardMouse,Клавиатура,Tastatur,Clavier,Teclado,Teclado,Teclado,Teclado,Tastiera,Клавіатура,Klawiatura,Klávesnice,Klavye,Toetsenbord,Tastatur,Tastatur,Tangentbord,Näppäimistö,Tastatură,Billentyűzet,Клавиатура,Bàn phím,Keyboard,Keyboard,คีย์บอร์ด,키보드,キーボード,鍵盤,键盘,
Controls_Movement,Передвижение,Bewegung,Déplacement,Movimiento,Movimiento,Movimento,Movimento,Movimento,Пересування,Ruch,Pohyb,Hareket,Beweging,Bevægelse,Bevegelse,Rörelse,Liikkuminen,Deplasare,Mozgás,Движение,Di chuyển,Gerakan,Galaw,การเคลื่อนไหว,이동,移動,移動,移动,
Controls_MenuButton,Меню,Menü-Taste,Touche Menu,Botón Menú,Botón Menú,botão Menu,botão Menu,Tasto Menu,Меню,Przycisk menu,Tlačítko menu,Menü düğmesi,Menuknop,Menuknap,Menyknapp,Menyknapp,Valikkopainike,Meniu,Menü gomb,Меню бутон,Nút menu,Tombol Menu,Pindutan ng Menu,ปุ่มเมนู,메뉴 버튼,メニューボタン,菜單按鈕,菜单按钮,
Controls_Notebook,Блокнот,Notizbuch,Carnet,Cuaderno,Cuaderno,Caderno,Caderno,Taccuino,Нотатник,Notatnik,Zápisník,Not Defteri,Notitieboek,Notesbog,Notatbok,Anteckningsbok,Muistikirja,Jurnal,Jegyzetfüzet,Тефтер,Sổ tay,Buku Catatan,Talaan,สมุดบันทึก,손수첩,ノート,筆記本,笔记本,
Controls_Inventory,Инвентарь,Inventar,Inventaire,Inventario,Inventario,Inventário,Inventário,Inventario,Інвентар,Ekwipunek,Inventář,Envanter,Inventaris,Inventar,Inventar,Förråd,Varasto,Inventar,Leltár,Инвентар,Túi đồ,Inventaris,Imbentaryo,คลังไอเทม,인벤토리,持ち物,物品欄,物品栏,
Controls_ReturnItem,Убрать предмет,Gegenstand zurücklegen,Replacer l’objet,Devolver objeto,Devolver objeto,Devolver item,Devolver objeto,Rimetti l'oggetto,Прибрати предмет,Usuń przedmiot,Vrátit předmět,Eşyayı Geri Koy,Voorwerp Teruggeven,Returnér genstand,Returner gjenstand,Återlämna objekt,Palauta esine,Înapoi,Visszaadás,Връщане на предмет,Trả lại vật phẩm,Kembalikan Item,Ibalik ang Bagay,คืนไอเทม,아이템 되돌리기,しまう,放回物品,放回物品,
Controls_BackClose,Назад / Закрыть головоломку,Zurück / Puzzle schließen,Retour / Fermer l’énigme,Atrás / Cerrar rompecabezas,Atrás / Cerrar rompecabezas,Voltar / Fechar quebra-cabeça,Voltar / Fechar puzzle,Indietro / Chiudi l'enigma,Назад / Закрити головоломку,Wstecz / Zamknij zagadkę,Zpět / Zavřít hádanku,Geri / Bulmacayı Kapat,Terug / Puzzel Sluiten,Tilbage / Luk puslespil,Tilbake / Lukk puslespill,Tillbaka / Stäng pussel,Takaisin / Sulje pulma,Înapoi / Închide Puzzle,Vissza / Rejtvény bezárása,Назад / Затвори пъзел,Quay lại / Đóng câu đố,Kembali / Tutup Puzzle,Bumalik / Isara ang Puzzle,ย้อนกลับ / ปิดปริศนา,뒤로 / 퍼즐 닫기,戻る / パズルを閉じる,返回 / 關閉謎題,返回 / 关闭谜题,
Controls_Interaction,Взаимодействие,Interaktion,Interaction,Interacción,Interacción,Interação,Interação,Interazione,Взаємодія,Interakcja,Interakce,Etkileşim,Interactie,Interaktion,Interaksjon,Interaktion,Vuorovaikutus,Interacțiune,Interakció,Интеракция,Tương tác,Interaksi,Pakikipag-ugnayan,ปฏิสัมพันธ์,상호작용,調べる,互動,互动,
Controls_PrevPage,Предыдущая страница,Vorherige Seite,Page précédente,Página anterior,Página anterior,Página anterior,Página anterior,Pagina precedente,Попередня сторінка,Poprzednia strona,Předchozí stránka,Önceki Sayfa,Vorige pagina,Forrige side,Forrige side,Föregående sida,Edellinen sivu,Pagina Anterioară,Előző oldal,Предишна страница,Trang trước,Halaman Sebelumnya,Nakaraang Pahina,หน้าก่อนหน้า,이전 페이지,前のページ,上一頁,上一页,
Controls_NextPage,Следующая страница,Nächste Seite,Page suivante,Siguiente página,Página siguiente,Próxima página,Próxima página,Pagina successiva,Наступна сторінка,Następna strona,Další stránka,Sonraki Sayfa,Volgende pagina,Næste side,Neste side,Nästa sida,Seuraava sivu,Pagina Următoare,Következő oldal,Следваща страница,Trang sau,Halaman Berikutnya,Susunod na Pahina,หน้าถัดไป,다음 페이지,次のページ,下一頁,下一页,
Controls_Section,Раздел,Abschnitt,Section,Sección,Sección,Seção,Seção,Sezione,Розділ,Sekcja,Sekce,Bölüm,Sectie,Sektion,Seksjon,Sektion,Osa,Secțiunea,Szakasz,Раздел,Mục,Bagian,Seksyon,ส่วน,섹션,パート,部分,部分,
Controls_PrevSection,Спринт / Предыдущий раздел,Sprinten / Vorheriger Abschnitt,Sprint / Section précédente,Correr / Sección anterior,Correr / Sección anterior,Correr / Seção anterior,Correr / Seção anterior,Scatto / Sezione precedente,Спринт / Попередній розділ,Sprint / Poprzednia sekcja,Sprint / Předchozí sekce,Koş / Önceki Bölüm,Sprinten / Vorige sectie,Løb / Forrige sektion,Løp / Forrige seksjon,Spring / Föregående sektion,Juoksu / Edellinen osa,Alergare / Secțiunea Anterioară,Futás / Előző szakasz,Тичане / Предишен раздел,Chạy / Mục trước,Lari / Bagian Sebelumnya,Takbo / Seksyong Nakaraan,วิ่ง / ส่วนก่อนหน้า,달리기 / 이전 섹션,走る / 前のパート,奔跑 / 上一部分,奔跑 / 上一部分,
Controls_NextSection,Следующий раздел / Спринт,Nächster Abschnitt / Sprinten,Section suivante / Sprint,Siguiente sección / Correr,Siguiente sección / Correr,Próxima seção / Correr,Próxima seção / Correr,Sezione successiva / Scatto,Наступний розділ / Спринт,Następna sekcja / Sprint,Další sekce / Sprint,Sonraki Bölüm / Koş,Volgende sectie / Sprinten,Næste sektion / Løb,Neste seksjon / Løp,Nästa sektion / Spring,Seuraava osa / Juoksu,Secțiunea Următoare / Alergare,Következő szakasz / Futás,Следващ раздел / Тичане,Mục tiếp theo / Chạy,Bagian Berikutnya / Lari,Susunod na Seksyon / Takbo,ส่วนถัดไป / วิ่ง,다음 섹션 / 달리기,次のパート / 走る,下一部分 / 奔跑,下一部分 / 奔跑,
Controls_KB_Sprint,Спринт,Sprinten,Sprint,Correr,Correr,Correr,Correr,Scatto,Спринт,Sprint,Sprint,Koş,Sprinten,Løb,Løp,Spring,Juoksu,Alergare,Futás,Тичане,Chạy,Lari,Takbo,วิ่ง,달리기,走る,奔跑,奔跑,
Controls_KB_PrevSection,Предыдущий раздел,Vorheriger Abschnitt,Section précédente,Sección anterior,Sección anterior,Seção anterior,Seção anterior,Sezione precedente,Попередній розділ,Poprzednia sekcja,Předchozí sekce,Önceki Bölüm,Vorige sectie,Forrige sektion,Forrige seksjon,Föregående sektion,Edellinen osa,Secțiunea Anterioară,Előző szakasz,Предишен раздел,Mục trước,Bagian Sebelumnya,Seksyong Nakaraan,ส่วนก่อนหน้า,이전 섹션,前のパート,上一部分,上一部分,
Controls_KB_NextSection,Следующий раздел,Nächster Abschnitt,Section suivante,Siguiente sección,Siguiente sección,Próxima seção,Próxima seção,Sezione successiva,Наступний розділ,Następna sekcja,Další sekce,Sonraki Bölüm,Volgende sectie,Næste sektion,Neste seksjon,Nästa sektion,Seuraava osa,Secțiunea Următoare,Következő szakasz,Следващ раздел,Mục tiếp theo,Bagian Berikutnya,Seksyong Susunod,ส่วนถัดไป,다음 섹션,次のパート,下一部分,下一部分,
Controls_Thermos,Термос,Thermoskanne,Thermos,Termo,Termo,Garrafa térmica,Garrafa térmica,Thermos,Термос,Termos,Termoska,Termos,Thermosfles,Termoflaske,Termoflaske,Termos,Termospullo,Termos,Termosz,Термос,Bình giữ nhiệt,Termos,Termos,กระติกน้ำเก็บความร้อน,보온병,魔法瓶,保溫瓶,保温瓶,
Controls_TeaScreen,Чайный экран,Teebildschirm,Écran du thé,Pantalla del té,Pantalla del té,Tela do chá,Tela do chá,Menu del tè,Чайний екран,Ekran herbaty,Obrazovka s čajem,Çay Ekranı,Theescherm,Te-skærm,Teside,Tesida,Teeruudu,Ecran Ceai,Tea képernyő,Екран с чай,Màn hình trà,Layar Teh,Screen ng Tsaa,หน้าชา,차 화면,お茶の画面,茶界面,茶界面,
Hint_NewTeaRecipes,Новые чайные рецепты,Neue Teerezepte,Nouvelles recettes de thé,Nuevas recetas de té,Nuevas recetas de té,Novas receitas de chá,Novas receitas de chá,Nuove ricette di tè,Нові чайні рецепти,Nowe przepisy na herbatę,Nové recepty na čaj,Yeni Çay Tarifleri,Nieuwe theerecepten,Nye teopskrifter,Nye teoppskrifter,Nya terecept,Uusia teereseptejä,Rețete noi de ceai,Új teareceptek,Нови рецепти за чай,Công thức trà mới,Resep Teh Baru,Mga Bagong Recipe ng Tsaa,สูตรชงชาใหม่,새로운 차 레시피,新しいお茶のレシピ,新茶飲配方,新茶饮配方,
TeaAnimal_Moss,Мох,Moos,Mousse,Musgo,Musgo,Musgo,Musgo,Muschio,Мох,Mech,Mech,Yosun,Mos,Mos,Mose,Mossa,Sammal,Mușchi,Moha,Мъх,Rêu,Lumut,Lumot,มอส,이끼,コケ,苔蘚,苔藓,
TeaAnimal_Autumn,Осень,Herbst,Automne,Otoño,Otoño,Outono,Outono,Autunno,Осінь,Jesień,Podzim,Sonbahar,Herfst,Efterår,Høst,Höst,Syksy,Toamnă,Ősz,Есен,Mùa thu,Musim Gugur,Taglagas,ฤดูใบไม้ร่วง,가을,秋,秋季,秋季,
TeaAnimal_Pillowers,Подушкари,Kissen-Tukoni,Tukoni de l'Oreiller,Tukoni de almohada,Tukoni de almohada,Tukoni-Almofadeiros,Tukoni-Almofadeiros,Tukoni del Cuscino,Подушкарі,Poduszkarze,Polštářoví Tukoni,Yastık Tukonileri,Kussen-Tukoni,Pude-Tukoni,Pute-Tukoni,Kudde-Tukoni,Tyyny-Tukonit,Tukoni de pernă,Párna Tukonik,Възглавнични тукони,Tukoni gối,Tukoni Bantal,Pillow Tukoni,ทูโคนิหมอน,베개 투코니,まくら・トゥコニ,枕頭圖科尼,枕头图科尼,
TeaAnimal_Badger,Барсук,Dachs,Blaireau,Tejón,Tejón,Texugo,Texugo,Tasso,Борсук,Borsuk,Jezevec,Porsuk,Das,Grævling,Grevling,Grävling,Mäyrä,Bursuc,Borzn,Язовец,Lửng,Luak,Badyang,แบดเจอร์,오소리,アナグマ,獾,獾,
TeaAnimal_Groundhogs,Бабаки,Murmeltier,Marmottes,Marmotas,Marmotas,Marmotas,Marmotas,Marmotte,Бабаки,Świstaki,Svišti,Dağ sıçanları,Marmotten,Murmeldyr,Murmeldyr,Murmeldjur,Murmelit,Marmote,Mormoták,Мармотите,Chuột marmot,Marmut,Marmot,มาร์มอต,마멋,マーモット,土撥鼠,土拨鼠,
TeaAnimal_Dormouse,Соня,Haselmaus,Muscardin,Lirón,Lirón,Arganaz,Arganaz,Moscardino,Ліскулька,Orzesznica,Plšík lískový,Fındık fındık faresi,Hazelmuis,Hasselmus,Hasselmus,Hasselmus,Pähkinähiiri,Pârș de alun,Mogyorós pele,Лешников сънливец,Chuột sóc phỉ,Tikus asrama hazel,Hazel dormouse,ดอร์เมาส์เฮเซล,겨울잠쥐,ヤマネ,榛睡鼠,榛睡鼠,
TeaAnimal_Hedgehog,Ёж,Igel,Hérisson,Erizo,Erizo,Ouriço,Ouriço,Riccio,Їжак,Jeż,Ježek,Kirpi,Egel,Pindsvin,Pinnsvin,Igelkott,Siili,Arici,Sündisznó,Таралеж,Nhím,Landak,Bubuyog-damo,เม่น,고슴도치,ハリネズミ,刺蝟,刺猬,
TeaAnimal_Bison,Зубр,Bison,Bison,Bisonte,Bisonte,Bisão,Bisão,Bisonte,Зубр,Żubr,Zubr,Bizon,Bizon,Bison,Bison,Bison,Biisoni,Bizon,Bölcs,Зубър,Bò rừng,Bison,Bison,ไบซัน,들소,バイソン,野牛,野牛,
TeaAnimal_BisonHidden,???,???,???,???,???,???,???,???,???,???,???,???,???,???,???,???,???,???,???,???,???,???,???,???,???,???,???,???,
TeaAnimal_SheBear,Медведица,Bärin,Ourse,Osa,Osa,Ursa,Ursa,Orsa,Ведмедиця,Niedźwiedzica,Medvědice,Dişi ayı,Berin,Hunbjørn,Hunnbjørn,Björninna,Naaraskarhu,Ursoaică,Nőstény medve,Мечка,Gấu cái,Beruang betina,Babaeng oso,หมีตัวเมีย,암곰,メスグマ,母熊,母熊,
TeaAnimal_Maybug,Майский жук,Maikäfer,Hanneton,Escarabajo de mayo,Escarabajo de mayo,Escaravelho,Escaravelho,Maggiolino,Хрущ,Chrabąszcz Majowy,Chroust,Mayıs böceği,Meikever,Oldenborre,Oldenborre,Ollonborre,Lehtikuoriainen,Cărăbuș,Cserebogár,Майски бръмбар,Bọ hung tháng năm,Kumbang Mei,Salagubang,ด้วงเดือนพฤษภาคม,풍뎅이,コガネムシ,金龜子,金龟子,
TeaAnimal_TeaTukoni,Чайный Тукони,Tee-Tukoni,Tukoni du Thé,Tukoni de Té,Tukoni de Té,Tukoni do Chá,Tukoni do Chá,Tukoni del Tè,Чайний Туконі,Herbaciany Tukoni,Čaj Tukoni,Çay Tukoni,Thee Tukoni,Tukoni-te,Tukoni-te,Tukoni-te,Tukoni-tee,Tukoni Ceai,Tea Tukoni,Чай Тукони,Trà Tukoni,Teh Tukoni,Tsaa ng Tukoni,ชาทูโคนี,차 투코니,おちゃ・トゥコニ,茶圖科尼,茶图科尼,
TeaAnimal_StarTea,Собственный купаж,Deine eigene Mischung,Votre propre mélange,Tu propia mezcla,Tu propia mezcla,Sua própria mistura,A tua própria mistura,La tua miscela,Власний купаж,Własna mieszanka,Vlastní směs,Kendi Harmanın,Je Eigen Melange,Din egen blanding,Din egen blanding,Din egen blandning,Oma sekoituksesi,Propriul tău amestec,Saját keveréked,Твоя собствена смес,Hỗn hợp của riêng bạn,Racikanmu Sendiri,Sarili Mong Halo,ชาสูตรของคุณเอง,나만의 블렌드,特製ブレンド,專屬調配,专属调配,
Intro_Text,Создано в соавторстве с Оксаной Булой,Entstanden in Zusammenarbeit mit Oksana Bula,Créé en collaboration avec Oksana Bula,Creado en colaboración con Oksana Bula,Creado en colaboración con Oksana Bula,Criado em colaboração com Oksana Bula,Criado em colaboração com Oksana Bula,Creato in collaborazione con Oksana Bula,Створено у співавторстві з Оксаною Булою,Stworzono we współpracy z Oksaną Bułą,Vytvořeno ve spolupráci s Oksanou Bulou,Oksana Bula ile iş birliğiyle hazırlandı,Gemaakt in samenwerking met Oksana Bula,Skabt i samarbejde med Oksana Bula,Laget i samarbeid med Oksana Bula,Skapat i samarbete med Oksana Bula,Luotu yhteistyössä Oksana Bulan kanssa,Creat în colaborare cu Oksana Bula,Oksana Bulával együttműködésben készült,Създадено в сътрудничество с Оксана Була,Được thực hiện với sự hợp tác của Oksana Bula,Dibuat bekerja sama dengan Oksana Bula,Ginawa sa pakikipagtulungan kay Oksana Bula,สร้างสรรค์ร่วมกับ Oksana Bula,옥사나 불라(Oksana Bula)와 함께 제작되었습니다,Oksana Bulaとの共同制作,與 Oksana Bula 合作創作,与 Oksana Bula 合作创作,
GamePadDis_TextID,"Контроллер отключён. Подключите его снова, чтобы продолжить",Controller getrennt. Zum Fortfahren erneut verbinden,Manette déconnectée. Reconnectez-la pour continuer,Control desconectado. Vuelve a conectarlo para continuar,Control desconectado. Vuelve a conectarlo para continuar,Controle desconectado. Reconecte para continuar,Comando desligado. Volte a ligá-lo para continuar,Controller disconnesso. Ricollegalo per continuare,"Контролер від’єднано. Під’єднайте його знову, щоб продовжити","Kontroler odłączony. Podłącz go ponownie, aby kontynuować",Ovladač byl odpojen. Pro pokračování jej znovu připojte,Kontrolcü bağlantısı kesildi. Devam etmek için yeniden bağlayın,Controller losgekoppeld. Verbind opnieuw om door te gaan,Controller frakoblet. Tilslut igen for at fortsætte,Kontroller frakoblet. Koble til igjen for å fortsette,Handkontrollen kopplades från. Anslut igen för att fortsätta,Ohjain irrotettu. Yhdistä uudelleen jatkaaksesi,Controler deconectat. Reconectează-l pentru a continua,A kontroller leválasztva. Csatlakoztasd újra a folytatáshoz,"Контролерът е изключен. Свържете го отново, за да продължите",Tay cầm đã ngắt kết nối. Kết nối lại để tiếp tục,Kontroler terputus. Sambungkan kembali untuk melanjutkan,Nadiskonekta ang controller. Ikonekta muli upang magpatuloy,คอนโทรลเลอร์ถูกตัดการเชื่อมต่อ เชื่อมต่อใหม่เพื่อเล่นต่อ,컨트롤러 연결이 해제되었습니다. 다시 연결해 주세요,コントローラーの接続が切れました。続けるには再接続してください。,控制器已斷開連接。請重新連接以繼續,控制器已断开连接。请重新连接以继续,
Setngs_FullscreenMode,Режим экрана,Anzaige,Écran,Pantalla,Pantalla,Tela,Ecrã,Schermo,Режим екрана,Ekran,Obrazovka,Ekran,Scherm,Skærm,Skjerm,Skärm,Näyttö,Ecran,Képernyő,Екран,Màn hình,Layar,Screen,หน้าจอ,화면,画面,螢幕,屏幕,
Setngs_FullscreenMode_F,Полноэкранный,Vollbild,Plein écran,Pantalla completa,Pantalla completa,Tela cheia,Ecrã inteiro,Schermo intero,Повноекранний,Pełny ekran,Celá obrazovka,Tam Ekran,Volledig scherm,Fuldskærm,Fullskjerm,Helskärm,Koko näyttö,Ecran complet,Teljes képernyő,Цял екран,Toàn màn hình,Layar Penuh,Fullscreen,เต็มจอ,전체 화면,フルスクリーン,全螢幕,全屏,
Setngs_FullscreenMode_W,Оконный,Fenster,Fenêtré,Ventana,Ventana,Janela,Janela,In finestra,Віконний,Tryb okienkowy,V okně,Pencere Modu,Venstermodus,Vinduestilstand,Vindusmodus,Fönsterläge,Ikkunatila,Fereastră,Ablakos mód,Прозоречен режим,Chế độ cửa sổ,Mode Jendela,Windowed,โหมดหน้าต่าง,창 모드,ウィンドウ,窗口模式,窗口模式,
Setngs_FullscreenMode_WF,Окно без рамки,Vollbild-Fenster,Fenêtre sans bordure,Ventana sin bordes,Ventana sin bordes,Janela sem bordas,Janela sem margens,Finestra senza bordi,Повноекранне вікно,Okno bez ramek,Bezokrajové okno,Kenarlıksız Pencere,Randloos venster,Kantløst vindue,Kantløst vindu,Kantlöst fönster,Reunaton ikkuna,Fereastră fără margini,Keret nélküli ablak,Прозорец без рамка,Cửa sổ không viền,Jendela Tanpa Bingkai,Borderless Window,หน้าต่างไร้ขอบ,테두리 없는 창 모드,ボーダーレス,無邊框窗口,无边框窗口,
Grid_Grab,Взять,Nehmen,Prendre,Agarrar,Agarrar,Pegar,Pegar,Prendi,Взяти,Weź,Vzít,Al,Pakken,Tag,Ta,Ta,Ota,Ia,Felvesz,Вземи,Nhặt,Ambil,Kunin,หยิบ,집기,手に取る,拿起,拿起,
Grid_PutBack,Вернуть,Zurücklegen,Reposer,Devolver,Devolver,Guardar,Voltar a pôr,Rimetti,Повернути,Odłóż,Vrátit,Geri Koy,Terugleggen,Læg tilbage,Legg tilbake,Lägg tillbaka,Laita takaisin,Pune la loc,Visszatesz,Върни,Đặt lại,Kembalikan,Ibalik,วางกลับ,제자리에 놓기,しまう,放回,放回,
Credits_Oksana,Арт-директор и создательница Тукони,Art Director & Erschafferin von Tukoni,Directrice artistique & créatrice de Tukoni,Directora de Arte y Creadora de Tukoni,Directora de Arte y Creadora de Tukoni,Diretora de Arte e Criadora de Tukoni,Diretora de Arte e Criadora de Tukoni,Direttrice Artistica e Creatrice di Tukoni,Арт-директорка та творчиня Туконі,Dyrektorka artystyczna i twórczyni Tukoni,Art Director a tvůrkyně Tukoni,Sanat Yönetmeni ve Tukoni'nin Yaratıcısı,Art Director & Bedenker van Tukoni,Art Director & Skaber af Tukoni,Art Director og skaper av Tukoni,Art Director & skapare av Tukoni,Taiteellinen johtaja & Tukonin luoja,Director Artistic și Creatoarea Tukoni,Art Director és a Tukoni alkotója,Арт директор и създател на Тукони,Giám đốc Mỹ thuật & Người sáng tạo Tukoni,Art Director & Pencipta Tukoni,Art Director at Creator ng Tukoni,ผู้กำกับศิลป์และผู้สร้าง Tukoni,아트 디렉터 & 투코니 창작자,アートディレクター ＆ トゥコニの生みの親,美術指導 & 圖科尼的創作者,美术指导 & 图科尼的创作者,
Credits_Directors,Шеф,Chef,Chef,Chef,Chef,Chef,Chef,Chef,Шеф,Szef,Šéf,Şef,Chef,Chef,Sjef,Chef,Johtaja,Șef,Séf,Шеф,Chef,Chef,Chef,เชฟ,셰프,シェフ,主廚,主厨,
Credits_Art,Шеф-художница,Art-Chefin,Chef Artistique,Chef de Arte,Chef de Arte,Chef de Arte,Chef de Arte,Chef Artistica,Шеф-художниця,Szef artystyczny,Šéf Artu,Sanat Şefi,Art Chef,Art Chef,Kunstsjef,Konstchef,Taidejohtaja,Șef Artă,Art Séf,Арт шеф,Chef Mỹ thuật,Chef Art,Art Chef,เชฟฝ่ายศิลป์,아트 셰프,アートシェフ,美術主廚,美术主厨,
Credits_AddArt,Дополнительный арт,Zusätzliches Art-Team,Art additionnel,Arte adicional,Arte adicional,Arte adicional,Arte adicional,Grafica aggiuntiva,Додатковий арт,Dodatkowe materiały artystyczne,Další grafika,Ek Sanat,Extra Art,Ekstra Art,Ekstra kunst,Extra konst,Lisägrafiikka,Artă suplimentară,További grafika,Допълнително изкуство,Mỹ thuật bổ sung,Art Tambahan,Karagdagang Art,งานศิลป์เพิ่มเติม,추가 아트,サポートアート,額外美術,额外美术,
Credits_Programming,Шеф-программист,Programmier-Chef,Chef Programmation,Chef de Programación,Chef de Programación,Chef de Programação,Chef de Programação,Chef della programmazione,Шеф-програміст,Szef programowania,Šéf Programování,Programlama Şefi,Programmeer-Chef,Programmerings-Chef,Programmeringssjef,Programmeringschef,Ohjelmointijohtaja,Șef Programare,Programozási Séf,Шеф програмиране,Chef Lập trình,Chef Programming,Programming Chef,เชฟฝ่ายโปรแกรม,프로그래밍 셰프,プログラムシェフ,程序主廚,程序主厨,
Credits_AddProgramming,Дополнительное программирование,Zusätzliches Programmier-Team,Programmation additionnelle,Programación adicional,Programación adicional,Programação adicional,Programação adicional,Programmazione aggiuntiva,Додаткове програмування,Dodatkowe programowanie,Další programování,Ek Programlama,Extra Programmeerwerk,Ekstra Programmering,Ekstra programmering,Extra programmering,Lisäohjelmointi,Programare suplimentară,További programozás,Допълнително програмиране,Lập trình bổ sung,Programming Tambahan,Karagdagang Programming,งานโปรแกรมเพิ่มเติม,추가 프로그래밍,サポートプログラム,額外程序,额外程序,
Credits_Animation,Шеф-аниматор,Animations-Chef,Chef Animation,Chef de Animación,Chef de Animación,Chef de Animação,Chef de Animação,Chef dell'animazione,Шеф-аніматор,Szef animacji,Šéf Animace,Animasyon Şefi,Animatie-Chef,Animations-Chef,Animasjonssjef,Animationschef,Animaatiojohtaja,Șef Animație,Animációs Séf,Шеф анимация,Chef Hoạt hình,Chef Animasi,Animation Chef,เชฟฝ่ายแอนิเมชัน,애니메이션 셰프,アニメーションシェフ,動畫主廚,动画主厨,
Credits_AddAnimation,Дополнительная анимация,Zusätzliches Animationsteam,Animation additionnelle,Animación adicional,Animación adicional,Animação adicional,Animação adicional,Animazione aggiuntiva,Додаткова анімація,Dodatkowe prace animacyjne,Další animace,Ek Animasyon,Extra Animatie,Ekstra Animation,Ekstra animasjon,Extra animation,Lisäanimaatio,Animație suplimentară,További animáció,Допълнителна анимация,Hoạt hình bổ sung,Animasi Tambahan,Karagdagang Animation,งานแอนิเมชันเพิ่มเติม,추가 애니메이션,サポートアニメーション,額外動畫,额外动画,
Credits_Sound,Шеф-звукорежиссёры,Sound-Chefs,Chefs Son,Chefs de Sonido,Chefs de Sonido,Chefs de Som,Chefs de Som,Chef del Suono,Шеф-звукорежисери,Szefowie dźwięku,Šéfové Zvuku,Ses Şefleri,Sound Chefs,Lyd-Chefs,Lydsjefer,Ljudchefer,Äänijohtajat,Șefi de Sunet,Hang Séfek,Шефове звук,Các Chef Âm thanh,Para Chef Sound,Mga Sound Chef,เชฟฝ่ายเสียง,사운드 셰프,サウンドシェフ,音效主廚,音效主厨,
Credits_QA,QA-шеф,QA-Chefin,Chef QA,Chef de QA,Chef de QA,Chef de QA,Chef de QA,Chef QA,QA-шеф,Szef QA,Šéf QA,QA Şefi,QA-Chef,QA-Chef,QA-sjef,QA-chef,QA-johtaja,Șef QA,QA Séf,QA шеф,Chef QA,Chef QA,QA Chef,เชฟฝ่าย QA,QA 셰프,QAシェフ,QA 主廚,QA 主厨,
Credits_VFX,VFX-шеф,VFX-Chefin,Chef VFX,Chef de VFX,Chef de VFX,Chef de VFX,Chef de VFX,Chef VFX,VFX-шеф,Szef VFX,Šéf VFX,VFX Şefi,VFX-Chef,VFX-Chef,VFX-sjef,VFX-chef,VFX-johtaja,Șef VFX,VFX Séf,VFX шеф,Chef VFX,Chef VFX,VFX Chef,เชฟฝ่าย VFX,VFX 셰프,VFXシェフ,VFX 主廚,VFX 主厨,
Credits_Voiceover,Голоса Тукони,Tukoni-Stimmen,Voix de Tukoni,Voces de Tukoni,Voces de Tukoni,Vozes de Tukoni,Vozes de Tukoni,Voci dei Tukoni,Голоси Туконі,Głosy Tukonich,Hlasy Tukoni,Tukoni Sesleri,Tukoni-stemmen,Tukoni-stemmer,Tukoni-stemmer,Tukoni-röster,Tukonin äänet,Vocile Tukoni,Tukoni hangjai,Гласовете на Тукони,Giọng nói Tukoni,Suara Tukoni,Mga Boses ng Tukoni,เสียงของ Tukoni,보이스 투코니,ボイスのトゥコニ,聲音圖科尼,声音图科尼,
Credits_Playtesters,Плейтестеры Тукони,Tukoni-Spieltester,Testeurs Tukoni,Playtesters de Tukoni,Playtesters de Tukoni,Playtesters de Tukoni,Playtesters de Tukoni,Playtester di Tukoni,Плейтестери Туконі,Testerzy Tukoni,Testeři Tukoni,Tukoni Playtestçileri,Tukoni Playtesters,Tukoni Playtestere,Tukoni-playtestere,Tukoni-playtestare,Tukonin pelitestaajat,Testeri Tukoni,Tukoni Playtesterek,Плейтестъри на Тукони,Người chơi thử Tukoni,Playtester Tukoni,Mga Playtester ng Tukoni,ผู้ทดสอบเกม Tukoni,플레이테스트 투코니,テストプレイのトゥコニ,遊戲測試圖科尼,游戏测试图科尼,
Credits_Localizators,Переводчики Тукони,Tukoni-Übersetzung,Traduction Tukoni,Traducción de Tukoni,Traducción de Tukoni,Tradução de Tukoni,Tradução de Tukoni,Traduttori di Tukoni,Перекладачі Туконі,Tłumacze Tukoni,Překlad Tukoni,Tukoni Çevirisi,Tukoni Vertaling,Tukoni Oversættelse,Tukoni-oversettelse,Tukoni-översättning,Tukonin käännös,Traducere Tukoni,Tukoni Fordítás,Превод на Тукони,Bản dịch Tukoni,Terjemahan Tukoni,Pagsasalin ng Tukoni,ทีมแปล Tukoni,번역 투코니,ほんやくのトゥコニ,翻譯圖科尼,翻译图科尼,
Credits_Babies,Добро пожаловать в семью Тукони,Willkommen in der Tukoni-Familie,Bienvenue dans la famille Tukoni,Bienvenidos a la familia Tukoni,Bienvenidos a la familia Tukoni,Bem-vindos à família Tukoni,Bem-vindos à família Tukoni,Benvenuti nella famiglia Tukoni,Ласкаво просимо до родини Туконі,Witamy w rodzinie Tukoni,Vítejte v rodině Tukoni,Tukoni Ailesine Hoş Geldiniz,Welkom bij de Tukoni-familie,Velkommen til Tukoni-familien,Velkommen til Tukoni-familien,Välkomna till Tukoni-familjen,Tervetuloa Tukoni-perheeseen,Bun venit în familia Tukoni,Üdvözlünk a Tukoni családban,Добре дошли в семейството на Тукони,Chào mừng đến với gia đình Tukoni,Selamat Datang di Keluarga Tukoni,Maligayang Pagdating sa Pamilyang Tukoni,ยินดีต้อนรับสู่ครอบครัว Tukoni,투코니 가족이 된 것을 환영합니다,トゥコニファミリーへようこそ,歡迎加入圖科尼大家庭,欢迎加入图科尼大家庭,
Credits_Special,Наша команда хотела бы поблагодарить:,Unser Team möchte danken:,Notre équipe tient à remercier :,Nuestro equipo quiere agradecer a:,Nuestro equipo quiere dar las gracias a:,Nossa equipe gostaria de agradecer a:,A nossa equipa gostaria de agradecer a:,Il nostro team desidera ringraziare:,Наша команда хотіла б подякувати:,Nasz zespół chciałby podziękować:,Náš tým by chtěl poděkovat:,Ekibimiz şunlara teşekkür etmek istiyor:,Ons team wil graag bedanken:,Vores team vil gerne takke:,Teamet vårt vil gjerne takke:,Vårt team vill tacka:,Tiimimme haluaa kiittää:,Echipa noastră ar dori să mulțumească:,Csapatunk szeretné megköszönni:,Нашият екип иска да благодари на:,Đội ngũ của chúng tôi muốn cảm ơn:,Tim kami ingin mengucapkan terima kasih kepada:,Nais pasalamatan ng aming koponan:,ทีมของเราขอขอบคุณ:,개발팀이 감사의 마음을 전하는 분들:,開発チーム特別な感謝を込めて：,製作團隊特別感謝以下朋友：,制作团队特别感谢以下朋友：,
Credits_SpecialThanks,Друзья Тукони,Tukoni-Helfer,Les amis de Tukoni,Colaboradores de Tukoni,Colaboradores de Tukoni,Apoiadores de Tukoni,Colaboradores de Tukoni,Amici di Tukoni,Друзі Туконі,Przyjaciele Tukoni,Přátelé Tukoni,Tukoni Dostları,Vrienden van Tukoni,Tukonis venner,Tukonis venner,Tukonis vänner,Tukonin ystävät,Prietenii Tukoni,Tukoni barátai,Приятели на Tukoni,Những người bạn của Tukoni,Sahabat Tukoni,Mga Tumulong kay Tukoni,ผู้ที่ช่วยเหลือ Tukoni,도움을 준 투코니들,おたすけトゥコニ,樂於助人圖科尼,乐于助人图科尼,
Credits_FinalThanks,"Мы хотим поблагодарить всё наше сообщество, которое терпеливо ждало полноценную игру про Тукони. Мы искренне благодарны за постоянную поддержку на протяжении всех этих лет и за то, что вы отправились в это приключение вместе с нами. Обнимаем <3","Wir möchten unserer wunderbaren Community danken, die so geduldig auf ein vollständiges Tukoni-Spiel gewartet hat. Wir sind euch für eure fortwährende Unterstützung über all die Jahre und dafür, dass ihr dieses Abenteuer mit uns geteilt habt, unglaublich dankbar. Ihr seid die Besten.","Nous tenons à remercier notre formidable communauté qui a patiemment attendu un jeu Tukoni complet. Nous sommes très reconnaissants de votre soutien constant au fil des années, et d'avoir vécu cette aventure avec nous. Vous êtes les meilleurs.","Queremos agradecer a nuestra maravillosa comunidad, que ha esperado pacientemente un juego completo de Tukoni. Estamos muy agradecidos por su apoyo constante durante todos estos años, y por embarcarse en esta aventura con nosotros. Son los mejores.","Queremos dar las gracias a nuestra maravillosa comunidad, que ha esperado con paciencia un juego completo de Tukoni. Estamos muy agradecidos por vuestro apoyo constante durante todos estos años, y por embarcaros en esta aventura con nosotros. Sois los mejores.","Gostaríamos de agradecer à nossa maravilhosa comunidade, que esperou pacientemente por um jogo completo do Tukoni. Somos muito gratos pelo apoio contínuo de vocês ao longo desses anos, e por embarcarem nessa aventura conosco. Vocês são os melhores.","Gostaríamos de agradecer à nossa maravilhosa comunidade, que tem esperado pacientemente pelo jogo completo Tukoni. Estamos muito gratos pelo vosso apoio contínuo ao longo destes anos, e por terem embarcado nesta aventura connosco. Vocês são os melhores.","Vorremmo ringraziare la nostra meravigliosa community, che ha aspettato con pazienza un gioco completo di Tukoni. Siamo davvero grati per il vostro sostegno costante in tutti questi anni e per aver intrapreso questa avventura insieme a noi. Siete i migliori.","Ми хочемо подякувати усій нашій спільноті, яка терпляче чекала на повну гру про Туконі. Ми щиро вдячні за постійну підтримку протягом усіх цих років і за те, що ви вирушили в цю пригоду разом з нами. Обіймаємо <3","Chcielibyśmy podziękować całej naszej społeczności, która cierpliwie czekała na pełną grę o Tukonich. Jesteśmy szczerze wdzięczni za wasze nieustające wsparcie przez te wszystkie lata oraz za to, że wyruszyliście w tę przygodę razem z nami. Jesteście najlepsi!","Rádi bychom poděkovali naší úžasné komunitě, která trpělivě čekala na plnohodnotnou hru Tukoni. Jsme vám velmi vděční za vaši neustávající podporu po celá tato léta a za to, že jste se s námi vydali na toto dobrodružství. Jste nejlepší.",Tam bir Tukoni oyununu sabırla bekleyen harika topluluğumuza teşekkür etmek istiyoruz. Bunca yıl boyunca gösterdiğiniz sürekli destek ve bu maceraya bizimle çıktığınız için çok minnettarız. Sizler harikasınız.,"We willen graag onze geweldige community bedanken, die geduldig heeft gewacht op een volledig Tukoni-spel. We zijn jullie enorm dankbaar voor jullie voortdurende steun al die jaren, en voor het aangaan van dit avontuur met ons. Jullie zijn de besten.","Vi vil gerne takke vores fantastiske community, som tålmodigt har ventet på et komplet Tukoni-spil. Vi er meget taknemmelige for jeres vedvarende støtte gennem alle disse år, og for at tage med os på dette eventyr. I er de bedste.","Vi vil gjerne takke vårt fantastiske community, som tålmodig har ventet på et komplett Tukoni-spill. Vi er veldig takknemlige for deres vedvarende støtte gjennom alle disse årene, og for å bli med oss på dette eventyret. Dere er de beste.","Vi vill tacka vårt fantastiska community, som tålmodigt har väntat på ett komplett Tukoni-spel. Vi är oerhört tacksamma för ert ständiga stöd genom alla dessa år, och för att ni gett er ut på detta äventyr med oss. Ni är bäst.","Haluamme kiittää ihanaa yhteisöämme, joka on kärsivällisesti odottanut täysimittaista Tukoni-peliä. Olemme hyvin kiitollisia jatkuvasta tuestanne näiden vuosien aikana ja siitä, että lähditte tälle seikkailulle kanssamme. Te olette parhaita.","Dorim să mulțumim minunatei noastre comunități, care a așteptat cu răbdare un joc Tukoni complet. Suntem foarte recunoscători pentru sprijinul vostru neîntrerupt de-a lungul acestor ani și pentru că ați pornit în această aventură alături de noi. Sunteți cei mai buni.","Szeretnénk megköszönni csodálatos közösségünknek, amely türelmesen várt a teljes Tukoni játékra. Nagyon hálásak vagyunk a folyamatos támogatásotokért ezen évek alatt, és azért, hogy velünk vágtatok bele ebbe a kalandba. Ti vagytok a legjobbak.","Бихме искали да благодарим на нашата чудесна общност, която търпеливо чакаше пълноценна игра Tukoni. Много сме благодарни за постоянната ви подкрепа през всичките тези години и за това, че тръгнахте на това приключение с нас. Вие сте най-добрите.","Chúng tôi muốn cảm ơn cộng đồng tuyệt vời của mình, những người đã kiên nhẫn chờ đợi một trò chơi Tukoni hoàn chỉnh. Chúng tôi vô cùng biết ơn sự ủng hộ không ngừng của các bạn trong suốt những năm qua, và vì đã cùng chúng tôi bước vào cuộc phiêu lưu này. Các bạn là những người tuyệt vời nhất.","Kami ingin berterima kasih kepada komunitas kami yang luar biasa, yang telah sabar menunggu game Tukoni yang lengkap. Kami sangat berterima kasih atas dukungan kalian yang terus-menerus selama bertahun-tahun ini, dan karena telah memulai petualangan ini bersama kami. Kalian yang terbaik.","Nais naming pasalamatan ang aming kahanga-hangang komunidad na matiyagang naghintay para sa isang kumpletong laro ng Tukoni. Lubos kaming nagpapasalamat sa inyong patuloy na suporta sa mga taong ito, at sa pagsama sa amin sa pakikipagsapalaran na ito. Kayo ang pinakamahusay.",เราขอขอบคุณชุมชนอันยอดเยี่ยมของเราที่อดทนรอเกม Tukoni แบบเต็มรูปแบบมาโดยตลอด เรารู้สึกซาบซึ้งใจอย่างมากกับการสนับสนุนอย่างต่อเนื่องของพวกคุณตลอดหลายปีที่ผ่านมา และที่ได้ร่วมออกผจญภัยครั้งนี้ไปกับเรา พวกคุณคือที่สุด,"완성된 투코니 게임을 오랫동안 기다려 주신 멋진 커뮤니티 여러분께 감사드립니다. 수년간 보내주신 변함없는 성원과, 저희와 함께 이 모험을 떠나주신 것에 진심으로 고마움을 전합니다. 여러분은 최고입니다.",コミュニティの皆さまへ。フルバージョンの完成を気長にお待ちいただき、心より感謝いたします。何年もの間、変わらぬ応援をいただき、そして私たちと一緒にこの冒険の旅に出てくださり、本当にありがとうございます。皆さまは、私たちにとって最高の仲間です。,我們想要對社區玩家們致以誠摯的感謝，感謝你們一直耐心等待完整版遊戲的到來。這些年來，感謝大家持續不斷的支持，也感謝你們與我們一同踏上這段冒險。你們是最棒的。,我们想要对社区玩家们致以诚挚的感谢，感谢你们一直耐心等待完整版游戏的到来。这些年来，感谢大家持续不断的支持，也感谢你们与我们一同踏上这段冒险。你们是最棒的。,
Credits_GamerskyProjects,Руководители проектов в Азии,Asiatische Projektmanager,Responsables de projets pour l’Asie,Gestores de proyectos en Asia,Gestores de proyectos en Asia,Gerentes de projetos para a Ásia,Gestores de projetos para a Ásia,Project Manager per l'Asia,Керівники проєктів в Азії,Menedżerowie projektów w Azji,Projektoví manažeři pro Asii,Asya proje yöneticileri,Projectmanagers voor Azië,Projektledere for Asien,Prosjektledere for Asia,Projektledare för Asien,Aasian projektipäälliköt,Manageri de proiect pentru Asia,Ázsiai projektmenedzserek,Проектни мениджъри за Азия,Quản lý dự án khu vực châu Á,Manajer proyek Asia,Mga project manager sa Asya,ผู้จัดการโครงการประจำเอเชีย,아시아 프로젝트 매니저,アジア担当プロジェクトマネージャー,亚洲项目经理,亞洲項目經理,
Credits_GamerskyCommunity,Менеджмент сообщества,Community-Management,Gestion de la communauté,Gestión de comunidad,Gestión de comunidad,Gestão da comunidade,Gestão da comunidade,Community Manager,Менеджмент спільноти,Zarządzanie społecznością,Správa komunity,Topluluk yönetimi,Communitymanagement,Community-management,Community-management,Communityhantering,Yhteisönhallinta,Managementul comunității,Közösségmenedzsment,Управление на общността,Quản lý cộng đồng,Manajemen komunitas,Pamamahala ng komunidad,การจัดการชุมชน,커뮤니티 매니저,コミュニティマネージャー,社区管理,社區管理,
Credits_GamerskyLocDirector,Директор по локализации,Lokalisierungsdirektor,Directeur de la localisation,Director de localización,Director de localización,Diretor de localização,Diretor de localização,Direttore della localizzazione,Директор з локалізації,Dyrektor ds. lokalizacji,Ředitel lokalizace,Lokalizasyon direktörü,Directeur lokalisatie,Lokaliseringsdirektør,Lokaliseringsdirektør,Lokaliseringsdirektör,Lokalisoinnin johtaja,Director de localizare,Lokalizációs igazgató,Директор по локализация,Giám đốc bản địa hóa,Direktur lokalisasi,Direktor ng lokalisasyon,ผู้อำนวยการฝ่ายการแปลและปรับให้เข้ากับท้องถิ่น,로컬라이징 디렉터,ローカライズディレクター,本地化总监,在地化總監,
Credits_GamerskyLocManager,Менеджер по локализации,Lokalisierungsmanager,Responsable de la localisation,Gestor de localización,Gestor de localización,Gerente de localização,Gestor de localização,Responsabile della localizzazione,Менеджер з локалізації,Menedżer ds. lokalizacji,Manažer lokalizace,Lokalizasyon yöneticisi,Localisatiemanager,Lokaliseringsmanager,Lokaliseringsmanager,Lokaliseringsmanager,Lokalisoinnin päällikkö,Manager de localizare,Lokalizációs menedzser,Мениджър по локализация,Quản lý bản địa hóa,Manajer lokalisasi,Tagapamahala ng lokalisasyon,ผู้จัดการฝ่ายการแปลและปรับให้เข้ากับท้องถิ่น,로컬라이징 매니저,ローカライズマネージャー,本地化项目经理,在地化項目經理,
